{"cameraMode":{"drawMode":0,"name":"Shaded","section":"Shading Mode"},"sceneLighting":true,"audioPlay":false,"sceneViewState":{"showFog":true,"showMaterialUpdate":false,"showSkybox":true,"showFlares":true,"showImageEffects":true,"showParticleSystems":true},"in2DMode":false,"pivot":{"x":-405.34503173828127,"y":-162.86248779296876,"z":173.628662109375},"rotation":{"x":-0.06266618520021439,"y":0.9361444711685181,"z":-0.2190040647983551,"w":-0.26787400245666506},"size":1060.498779296875,"orthographic":false}